location,landarea,aptarea,minprice,winprice,result,time
서울특별시 종로구 신영동 105-22 구암하이빌아파트 제2층 제201호 아파트,39.86,75.89,286700000,299999999,낙찰,2020-12-22 09:00
서울특별시 성동구 옥수동 428 8동 2층 210호 아파트,33.84,57.78,955000000,1006113260,낙찰,2020-12-01 10:00
서울특별시 은평구 갈현동 468-4 1402호 아파트,20.151,55.7,350000000,350010000,낙찰,2020-11-23 10:00
서울특별시 은평구 갈현동 468-4 1202호 아파트,20.151,55.7,345000000,345019999,낙찰,2020-11-23 10:00
서울특별시 도봉구 도봉동 87 4동 1310호 아파트,0.0,73.89,487500000,565000000,낙찰,2020-11-11 14:00
서울특별시 강남구 삼성동 3-1번지 삼성월드타워 아파트 제14층 제1402호 아파트,30.68,95.566,1370800000,1370800000,낙찰,2020-10-13 09:00
서울특별시 강남구 삼성동 3-1번지 삼성월드타워 아파트 제13층 제1301호 아파트,30.68,95.566,1370800000,1370800000,낙찰,2020-10-13 09:00
서울특별시 강남구 삼성동 3-1번지 삼성월드타워 아파트 제12층 제1202호 아파트,30.68,95.566,1370800000,1370800000,낙찰,2020-10-13 09:00
서울특별시 강남구 삼성동 3-1번지 삼성월드타워 아파트 제12층 제1201호 아파트,30.68,95.566,1370800000,1370800000,낙찰,2020-10-13 09:00
서울특별시 강남구 삼성동 3-1번지 삼성월드타워 아파트 제11층 제1104호 아파트,21.506,66.987,915200000,915200000,낙찰,2020-10-13 09:00
서울특별시 강남구 삼성동 3-1번지 삼성월드타워 아파트 제11층 제1103호 아파트,21.506,66.987,915200000,915200000,낙찰,2020-10-13 09:00
서울특별시 강남구 삼성동 3-1번지 삼성월드타워 아파트 제11층 제1102호 아파트,30.81,95.968,1311000000,1311000000,낙찰,2020-10-13 09:00
서울특별시 강남구 삼성동 3-1번지 삼성월드타워 아파트 제11층 제1101호 아파트,31.0,96.552,1319200000,1319200000,낙찰,2020-10-13 09:00
서울특별시 강남구 삼성동 3-1번지 삼성월드타워 아파트 제10층 제1001호 아파트,31.0,96.552,1279600000,1279600000,낙찰,2020-10-13 09:00
서울특별시 강남구 삼성동 3-1번지 삼성월드타워 아파트 제9층 제903호 아파트,21.506,66.987,887700000,887700000,낙찰,2020-10-13 09:00
서울특별시 강남구 삼성동 3-1번지 삼성월드타워 아파트 제9층 제901호 아파트,31.0,96.552,1279600000,1279600000,낙찰,2020-10-13 09:00
서울특별시 강남구 삼성동 3-1번지 삼성월드타워 아파트 제8층 제803호 아파트,21.506,66.987,869400000,869400000,낙찰,2020-10-13 09:00
서울특별시 강남구 삼성동 3-1번지 삼성월드타워 아파트 제8층 제802호 아파트,30.81,95.968,1245500000,1245500000,낙찰,2020-10-13 09:00
서울특별시 강남구 삼성동 3-1번지 삼성월드타워 아파트 제8층 제801호 아파트,31.0,96.552,1253200000,1253200000,낙찰,2020-10-13 09:00
서울특별시 강남구 삼성동 3-1번지 삼성월드타워 아파트 제7층 제704호 아파트,21.506,66.987,869400000,869400000,낙찰,2020-10-13 09:00
서울특별시 강남구 삼성동 3-1번지 삼성월드타워 아파트 제7층 제703호 아파트,21.506,66.987,869400000,869400000,낙찰,2020-10-13 09:00
서울특별시 강남구 삼성동 3-1번지 삼성월드타워 아파트 제7층 제702호 아파트,30.81,95.968,1245500000,1245500000,낙찰,2020-10-13 09:00
서울특별시 강남구 삼성동 3-1번지 삼성월드타워 아파트 제7층 제701호 아파트,31.0,96.552,1253200000,1253200000,낙찰,2020-10-13 09:00
서울특별시 강남구 삼성동 3-1번지 삼성월드타워 아파트 제6층 제604호 아파트,21.506,66.987,851100000,851100000,낙찰,2020-10-13 09:00
서울특별시 강남구 삼성동 3-1번지 삼성월드타워 아파트 제6층 제603호 아파트,21.506,66.987,851100000,851100000,낙찰,2020-10-13 09:00
서울특별시 강남구 삼성동 3-1번지 삼성월드타워 아파트 제6층 제601호 아파트,31.0,96.552,1226800000,1226800000,낙찰,2020-10-13 09:00
서울특별시 강남구 삼성동 3-1번지 삼성월드타워 아파트 제5층 제504호 아파트,21.506,66.987,851100000,851100000,낙찰,2020-10-13 09:00
서울특별시 강남구 삼성동 3-1번지 삼성월드타워 아파트 제5층 제501호 아파트,31.0,96.552,1226800000,1226800000,낙찰,2020-10-13 09:00
서울특별시 강남구 삼성동 3-1번지 삼성월드타워 아파트 제4층 제401호 아파트,31.0,96.552,1213700000,1213700000,낙찰,2020-10-13 09:00
서울특별시 강남구 삼성동 3-1번지 삼성월드타워 아파트 제3층 제304호 아파트,21.506,66.987,823600000,823600000,낙찰,2020-10-13 09:00
서울특별시 강남구 삼성동 3-1번지 삼성월드타워 아파트 제3층 제303호 아파트,21.506,66.987,823600000,823600000,낙찰,2020-10-13 09:00
서울특별시 강남구 삼성동 3-1번지 삼성월드타워 아파트 제3층 제302호 아파트,30.81,95.968,1179900000,1179900000,낙찰,2020-10-13 09:00
서울특별시 강남구 삼성동 3-1번지 삼성월드타워 아파트 제2층 제203호 아파트,21.506,66.987,823600000,823600000,낙찰,2020-10-13 09:00
"서울특별시 은평구 진관4로 87,626-902(진관동,은평뉴타운상림마을아파트) 아파트",0.0,134.96,792000000,792000000,낙찰,2020-07-21 09:30
"서울특별시 도봉구 해등로 307, 102-310(방학동,우성2차아파트) 아파트",0.0,84.98,360000000,360000000,낙찰,2020-07-21 09:30
서울특별시 서초구 반포동 88-4 제2층 제201호 아파트,0.0,318.4,1247440000,1247440000,낙찰,2020-07-03 09:00
서울특별시 서초구 반포동 88-4 제3층 제301호 아파트,0.0,398.3,1458080000,1458080000,낙찰,2020-07-03 09:00
서울특별시 서초구 반포동 88-4 제3층 제303호 아파트,0.0,318.4,1272700000,1272700000,낙찰,2020-07-03 09:00
서울특별시 서초구 반포동 88-4 제5층 제501호 아파트,0.0,404.4,1719090000,1719100000,낙찰,2020-07-03 09:00
서울특별시 서초구 반포동 88-4 제4층 제402호 아파트,0.0,404.4,1719090000,1719090000,낙찰,2020-07-03 09:00
서울특별시 관악구 신림동 1735 제230동 제1902호 아파트,0.0,84.97,376260228,386500000,낙찰,2020-06-17 10:00
서울특별시 서초구 양재동 379-3 블루하이츠아파트 제3층 제302호 아파트,0.0,84.86,207416251,210155000,낙찰,2020-06-09 14:00
서울특별시 용산구 이촌동 407 제214동 제12층 제1204호 아파트,20.459,59.88,1300000000,1300300000,낙찰,2020-05-25 10:00
"서울특별시 성북구 길음로 119, 210-401(길음동,길음뉴타운푸르지오2단지아파트) 아파트",0.0,84.97,629500000,629500000,낙찰,2020-04-21 09:30
"서울특별시 영등포구 당산로 95, 106-103(당산동2가,현대아파트) 아파트",0.0,82.77,753000000,753000000,낙찰,2020-04-21 09:30
"서울특별시 강서구 방화대로45길 32,103-103(방화동,방화동동부센트레빌) 아파트",0.0,114.99,654000000,654000000,낙찰,2020-04-21 09:30
"서울특별시 은평구 백련산로 36, 302-803(응암동, 백련산힐스테이트3차) 아파트",0.0,114.71,793000000,793000000,낙찰,2020-04-21 09:30
"서울특별시 성동구 성수일로4길 26, 101-302 (성수동2가, 서울숲힐스테이트) 아파트",0.0,143.0,1718000000,1718000000,낙찰,2020-04-21 09:30
"서울특별시 노원구 동일로230길 63, 4-203 (상계동, 한신아파트) 아파트",0.0,84.84,360000000,360000000,낙찰,2020-04-21 09:30
"서울특별시 금천구 금하로24나길 48,101-605(시흥동,관악산신도브래뉴) 아파트",0.0,94.6,512500000,512500000,낙찰,2020-04-21 09:30
"서울특별시 강북구 삼양로149길 45,103-102(우이동,대우아파트) 아파트",0.0,84.93,431000000,431000000,낙찰,2020-04-21 09:30
"서울특별시 중랑구 용마산로 252,102-308(면목동, 면목현대아파트) 아파트",0.0,84.09,525500000,525500000,낙찰,2020-04-21 09:30
"서울시 금천구 가산로 99, 105-401 (가산동, 두산위브아파트) 아파트",0.0,134.95,590000000,590000000,낙찰,2020-04-21 09:30
"서울특별시 서초구 서초대로 74길 30, 501-1911(서초동, 서초우성5차아파트) 아파트",0.0,84.93,1528000000,1528000000,낙찰,2020-04-21 09:30
"서울특별시 도봉구 해등로 307, 102-310(방학동,우성2차아파트) 아파트",0.0,84.98,360000000,360000000,"낙찰
 (낙찰후취소)",2020-04-21 09:30
"서울특별시 중랑구 봉화산로56길 51,103-702(신내동,우남푸르미아아파트) 아파트",0.0,84.67,501000000,501000000,낙찰,2020-04-21 09:30
"서울특별시 은평구 진관3로 15-45, 1019-201 (진관동, 은평뉴타운구파발) 아파트",0.0,84.85,640000000,640000000,낙찰,2020-04-21 09:30
"서울특별시 종로구 종로 183, A동 1011호(인의동, 효성주얼리시티) 아파트",0.0,84.64,665000000,665000000,낙찰,2020-04-21 09:30
"서울특별시 강서구 양천로63길 38,105-1802(염창동,강변한솔솔파크) 아파트",0.0,84.97,782500000,782500000,낙찰,2020-04-21 09:30
"서울특별시 구로구 오리로 1197, 109-105 (오류동, 금강수목원아파트) 아파트",0.0,84.98,570000000,570000000,낙찰,2020-04-21 09:30
"서울특별시 강북구 삼양로 256, 101-201(미아동,래미안미아1차아파트) 아파트",0.0,84.58,569000000,569000000,낙찰,2020-04-21 09:30
"서울특별시 노원구 동일로239길 68, 102-103 (상계동, 상계대림아파트) 아파트",0.0,83.87,422000000,422000000,낙찰,2020-04-21 09:30
"서울특별시 강북구 삼양로74길 8, 103-101(미아동, 경남아너스빌) 아파트",0.0,81.99,486500000,486500000,낙찰,2020-04-21 09:30
"서울특별시 성동구 동호로 84, 101-1205(금호동4가, 롯데아파트) 아파트",0.0,84.99,867500000,867500000,낙찰,2020-04-21 09:30
"서울특별시 구로구 공원로 40,102-2802(구로동,신도림쌍용플래티넘노블) 아파트",0.0,124.11,647500000,647500000,낙찰,2020-04-21 09:30
"서울특별시 구로구 개봉로2길 133-15, 108-101(개봉2동, 개봉아이파크아파트) 아파트",0.0,117.74,660000000,660000000,낙찰,2020-04-21 09:30
"서울특별시 노원구 동일로198가길 13, 401-1001(공릉동,삼익아파트) 아파트",0.0,59.04,372000000,372000000,낙찰,2020-04-21 09:30
서울특별시 종로구 평창동 66-1 엘리시아 501호 아파트,0.0,200.19,700000000,751100000,낙찰,2020-03-23 09:00
"서울특별시 강동구 구천면로 557, 3-102 (상일동, 명일중앙하이츠아파트) 아파트",0.0,84.23,564300000,734890000,낙찰,2020-01-29 09:30
서울특별시 종로구 신영동 105-22 구암하이빌아파트 제2층 제201호 아파트,39.86,75.89,318200000,-,유찰,2020-12-15 09:00
서울특별시 종로구 평창동 66-1 제2층 제204호 아파트,135.86,236.07,1455084000,-,"유찰
 (수의계약완료)",2020-12-11 10:00
서울특별시 종로구 평창동 66-1 제3층 제302호 아파트,118.68,206.22,1252422000,-,"유찰
 (수의계약완료)",2020-12-11 10:00
서울특별시 종로구 평창동 66-1 제3층 제303호 아파트,122.62,213.07,1293975000,-,"유찰
 (수의계약완료)",2020-12-11 10:00
서울특별시 종로구 평창동 66-1 제2층 제204호 아파트,135.86,236.07,1616760000,-,유찰,2020-12-10 10:00
서울특별시 종로구 평창동 66-1 제3층 제302호 아파트,118.68,206.22,1391580000,-,유찰,2020-12-10 10:00
서울특별시 종로구 평창동 66-1 제3층 제303호 아파트,122.62,213.07,1437750000,-,유찰,2020-12-10 10:00
서울특별시 종로구 평창동 66-1 제2층 제204호 아파트,135.86,236.07,1796400000,-,유찰,2020-12-09 10:00
서울특별시 종로구 평창동 66-1 제3층 제302호 아파트,118.68,206.22,1546200000,-,유찰,2020-12-09 10:00
서울특별시 종로구 평창동 66-1 제3층 제303호 아파트,122.62,213.07,1597500000,-,유찰,2020-12-09 10:00
서울특별시 구로구 고척동 296 제109동 제10층 제1006호 아파트,0.0,59.96,617220000,631500000,낙찰,2021-10-22 14:00
"서울특별시 서대문구 창천동 510-2, 374, 374-1, 510-1 907호 아파트",5.91,45.11,188576000,193987360,낙찰,2021-09-29 10:00
"서울특별시 서대문구 창천동 510-2, 374, 374-1, 510-1 306호 아파트",5.91,45.11,188576000,193987360,낙찰,2021-09-29 10:00
서울특별시 서대문구 영천동 100 외 4필지 독립문삼호아파트 103동 1403호 아파트,48.664,114.63,1001600000,1071640000,낙찰,2021-08-11 09:00
서울특별시 강남구 삼성동 3-1번지 삼성월드타워 아파트 제9층 제904호 아파트,21.506,66.987,887700000,887700000,낙찰,2021-07-13 09:00
서울특별시 강남구 삼성동 3-1번지 삼성월드타워 아파트 제3층 제301호 아파트,31.0,96.552,1187300000,1187300000,낙찰,2021-07-13 09:00
서울특별시 강남구 삼성동 3-1번지 삼성월드타워 아파트 제2층 제201호 아파트,31.0,96.552,1187300000,1187300000,낙찰,2021-07-13 09:00
서울특별시 강남구 삼성동 3-1번지 삼성월드타워 아파트 제10층 제1004호 아파트,21.506,66.987,887700000,887700000,낙찰,2021-07-13 09:00
서울특별시 강동구 암사동 509 102동 1309호 아파트,68996.2,58.68,958075000,961456816,낙찰,2021-06-18 09:00
서울특별시 강서구 등촌동 642 101동 909호 아파트,5310.1,59.99,608000000,634899001,낙찰,2021-06-18 09:00
서울특별시 강남구 개포동 12-2 LG자이아파트 제103동 제20층 제2001호 아파트,0.0,134.3,1950000000,2000000000,낙찰,2021-06-10 09:00
서울특별시 도봉구 도봉동 87 제4동 1308호 아파트,0.0,73.89,647500000,648000000,낙찰,2021-05-27 14:00
서울특별시 강동구 암사동 516-2외 3필지 한강리치팰리스 6층 601호,33.6,84.86,669300000,720500000,낙찰,2021-05-25 11:00
서울특별시 강남구 삼성동 3-1번지 삼성월드타워 아파트 제8층 제804호 아파트,21.506,66.987,869400000,869400000,낙찰,2021-02-02 09:00
서울특별시 강남구 삼성동 3-1번지 삼성월드타워 아파트 제6층 제602호 아파트,30.81,95.968,1219300000,1219300000,낙찰,2021-02-02 09:00
서울특별시 강남구 삼성동 3-1번지 삼성월드타워 아파트 제5층 제503호 아파트,21.506,66.987,851100000,851100000,낙찰,2021-02-02 09:00
서울특별시 강남구 삼성동 3-1번지 삼성월드타워 아파트 제5층 제502호 아파트,30.81,95.968,1219300000,1219300000,낙찰,2021-02-02 09:00
서울특별시 강남구 삼성동 3-1번지 삼성월드타워 아파트 제4층 제404호 아파트,21.506,66.987,841900000,841900000,낙찰,2021-02-02 09:00
서울특별시 강남구 삼성동 3-1번지 삼성월드타워 아파트 제4층 제402호 아파트,30.81,95.968,1206200000,1206200000,낙찰,2021-02-02 09:00
서울특별시 강남구 삼성동 3-1번지 삼성월드타워 아파트 제2층 제204호 아파트,21.506,66.987,823600000,823600000,낙찰,2021-02-02 09:00
서울특별시 강남구 삼성동 3-1번지 삼성월드타워 아파트 제2층 제202호 아파트,30.81,95.968,1179900000,1179900000,낙찰,2021-02-02 09:00
서울특별시 용산구 이촌동 301-160 21동 202호 아파트,58.44,139.97,2028000000,-,유찰,2021-11-15 10:00
서울특별시 구로구 고척동 296 제109동 제10층 제1006호 아파트,0.0,59.96,685800000,-,유찰,2021-10-20 14:00
서울특별시 구로구 고척동 296 제109동 제10층 제1006호 아파트,0.0,59.96,762000000,-,유찰,2021-10-20 14:00
"서울특별시 서대문구 창천동 510-2, 374, 374-1, 510-1 607호 아파트",5.91,45.11,182337000,-,"유찰
 (수의계약완료)",2021-09-29 10:00
"서울특별시 서대문구 창천동 510-2, 374, 374-1, 510-1 507호 아파트",5.91,45.11,182337000,-,"유찰
 (수의계약완료)",2021-09-29 10:00
"서울특별시 서대문구 창천동 510-2, 374, 374-1, 510-1 307호 아파트",5.91,45.11,178177000,-,"유찰
 (수의계약완료)",2021-09-29 10:00
"서울특별시 서대문구 창천동 510-2, 374, 374-1, 510-1 907호 아파트",5.91,45.11,198288000,-,유찰,2021-09-24 10:00
"서울특별시 서대문구 창천동 510-2, 374, 374-1, 510-1 607호 아파트",5.91,45.11,191727000,-,유찰,2021-09-24 10:00
"서울특별시 서대문구 창천동 510-2, 374, 374-1, 510-1 507호 아파트",5.91,45.11,191727000,-,유찰,2021-09-24 10:00
서울특별시 강남구 삼성동 75-3 101동 706호 삼성동우림루미아트,60.24,127.82,1768510000,1788000000,낙찰,2022-09-16 09:00
서울특별시 강남구 청담동 62-6 디에브스청담 301호 아파트,48.3652,91.68,1193100000,1193250000,낙찰,2022-06-22 10:00
서울특별시 광진구 자양동 813 102동 1302호 아파트,70.1759,141.54,1517000000,1551000000,낙찰,2022-02-11 09:00
서울특별시 노원구 중계동 514 제102동 제301호 아파트,55.8428,84.7513,1221480000,-,유찰,2022-12-29 10:00
서울특별시 노원구 중계동 514 제102동 제301호 아파트,55.8428,84.7513,1357200000,-,유찰,2022-12-22 10:00
서울특별시 강남구 청담동 62-6 외 지상 청담디에브스아파트 제7층 제701호 아파트,34.2692,64.96,992060000,-,유찰,2022-12-20 10:00
서울특별시 강남구 청담동 62-6 외 지상 청담디에브스아파트 제5층 제501호 아파트,23.8185,45.15,675250000,-,유찰,2022-12-20 10:00
서울특별시 강남구 청담동 62-6 외 지상 청담디에브스아파트 제4층 제403호 아파트,35.8096,67.88,1000070000,-,유찰,2022-12-20 10:00
서울특별시 강남구 청담동 62-6 외 지상 청담디에브스아파트 제4층 제402호 아파트,38.2626,72.53,903160000,-,유찰,2022-12-20 10:00
서울특별시 강남구 청담동 62-6 외 지상 청담디에브스아파트 제4층 제401호 아파트,33.6678,63.82,794520000,-,유찰,2022-12-20 10:00
서울특별시 강남구 청담동 62-6 외 지상 청담디에브스아파트 제2층 제203호 아파트,41.5176,78.7,964280000,-,유찰,2022-12-20 10:00
서울특별시 강남구 청담동 62-6 외 지상 청담디에브스아파트 제2층 제202호 아파트,43.5486,82.55,1011820000,-,유찰,2022-12-20 10:00
서울특별시 강남구 청담동 62-6 외 지상 청담디에브스아파트 제1층 제102호 아파트,30.0119,56.89,679070000,-,유찰,2022-12-20 10:00
서울특별시 강남구 청담동 62-6 외 지상 청담디에브스아파트 제7층 제701호 아파트,34.2692,64.96,1066730000,-,유찰,2022-12-16 10:00
서울특별시 강남구 청담동 62-6 외 지상 청담디에브스아파트 제5층 제501호 아파트,23.8185,45.15,726070000,-,유찰,2022-12-16 10:00
서울특별시 강남구 청담동 62-6 외 지상 청담디에브스아파트 제4층 제403호 아파트,35.8096,67.88,1075340000,-,유찰,2022-12-16 10:00
서울특별시 강남구 청담동 62-6 외 지상 청담디에브스아파트 제4층 제402호 아파트,38.2626,72.53,1003510000,-,유찰,2022-12-16 10:00
서울특별시 강남구 청담동 62-6 외 지상 청담디에브스아파트 제4층 제401호 아파트,33.6678,63.82,882800000,-,유찰,2022-12-16 10:00
서울특별시 강남구 청담동 62-6 외 지상 청담디에브스아파트 제2층 제203호 아파트,41.5176,78.7,1071420000,-,유찰,2022-12-16 10:00
서울특별시 강남구 청담동 62-6 외 지상 청담디에브스아파트 제2층 제202호 아파트,43.5486,82.55,1124240000,-,유찰,2022-12-16 10:00
서울특별시 강남구 청담동 62-6 외 지상 청담디에브스아파트 제1층 제102호 아파트,30.0119,56.89,754520000,-,유찰,2022-12-16 10:00
서울특별시 노원구 중계동 514 제102동 제301호 아파트,55.8428,84.7513,1508000000,-,유찰,2022-12-15 10:00
서울특별시 강남구 청담동 62-6 외 지상 청담디에브스아파트 제7층 제701호 아파트,34.2692,64.96,1147020000,-,유찰,2022-12-14 10:00
서울특별시 강남구 청담동 62-6 외 지상 청담디에브스아파트 제5층 제501호 아파트,23.8185,45.15,780720000,-,유찰,2022-12-14 10:00
서울특별시 강남구 청담동 62-6 외 지상 청담디에브스아파트 제4층 제403호 아파트,35.8096,67.88,1156270000,-,유찰,2022-12-14 10:00
서울특별시 강남구 청담동 62-6 외 지상 청담디에브스아파트 제4층 제402호 아파트,38.2626,72.53,1115010000,-,유찰,2022-12-14 10:00
서울특별시 강남구 청담동 62-6 외 지상 청담디에브스아파트 제4층 제401호 아파트,33.6678,63.82,980880000,-,유찰,2022-12-14 10:00
서울특별시 강남구 청담동 62-6 외 지상 청담디에브스아파트 제2층 제203호 아파트,41.5176,78.7,1190460000,-,유찰,2022-12-14 10:00
서울특별시 강남구 청담동 62-6 외 지상 청담디에브스아파트 제2층 제202호 아파트,43.5486,82.55,1249150000,-,유찰,2022-12-14 10:00
서울특별시 강남구 청담동 62-6 외 지상 청담디에브스아파트 제1층 제102호 아파트,30.0119,56.89,838350000,-,유찰,2022-12-14 10:00
서울특별시 강남구 청담동 62-6 외 지상 청담디에브스아파트 제7층 제701호 아파트,34.2692,64.96,1233350000,-,유찰,2022-12-12 10:00
서울특별시 강남구 청담동 62-6 외 지상 청담디에브스아파트 제5층 제501호 아파트,23.8185,45.15,839480000,-,유찰,2022-12-12 10:00
서울특별시 강남구 청담동 62-6 외 지상 청담디에브스아파트 제4층 제403호 아파트,35.8096,67.88,1243300000,-,유찰,2022-12-12 10:00
서울특별시 강남구 청담동 62-6 외 지상 청담디에브스아파트 제4층 제402호 아파트,38.2626,72.53,1238900000,-,유찰,2022-12-12 10:00
서울특별시 강남구 청담동 62-6 외 지상 청담디에브스아파트 제4층 제401호 아파트,33.6678,63.82,1089860000,-,유찰,2022-12-12 10:00
서울특별시 강남구 청담동 62-6 외 지상 청담디에브스아파트 제2층 제203호 아파트,41.5176,78.7,1322730000,-,유찰,2022-12-12 10:00
서울특별시 강남구 청담동 62-6 외 지상 청담디에브스아파트 제2층 제202호 아파트,43.5486,82.55,1387940000,-,유찰,2022-12-12 10:00
서울특별시 강남구 청담동 62-6 외 지상 청담디에브스아파트 제1층 제102호 아파트,30.0119,56.89,931500000,-,유찰,2022-12-12 10:00
서울특별시 강남구 청담동 62-6 외 지상 청담디에브스아파트 제7층 제701호 아파트,34.2692,64.96,1326180000,-,유찰,2022-12-08 10:00
서울특별시 강남구 청담동 62-6 외 지상 청담디에브스아파트 제5층 제501호 아파트,23.8185,45.15,902660000,-,유찰,2022-12-08 10:00
서울특별시 강남구 청담동 62-6 외 지상 청담디에브스아파트 제4층 제403호 아파트,35.8096,67.88,1336880000,-,유찰,2022-12-08 10:00
서울특별시 강남구 청담동 62-6 외 지상 청담디에브스아파트 제4층 제402호 아파트,38.2626,72.53,1376550000,-,유찰,2022-12-08 10:00
서울특별시 강남구 청담동 62-6 외 지상 청담디에브스아파트 제4층 제401호 아파트,33.6678,63.82,1210950000,-,유찰,2022-12-08 10:00
서울특별시 강남구 청담동 62-6 외 지상 청담디에브스아파트 제2층 제203호 아파트,41.5176,78.7,1469700000,-,유찰,2022-12-08 10:00
서울특별시 강남구 청담동 62-6 외 지상 청담디에브스아파트 제2층 제202호 아파트,43.5486,82.55,1542150000,-,유찰,2022-12-08 10:00
서울특별시 강남구 청담동 62-6 외 지상 청담디에브스아파트 제1층 제102호 아파트,30.0119,56.89,1035000000,-,유찰,2022-12-08 10:00
서울특별시 강남구 청담동 62-6 외 지상 청담디에브스아파트 제7층 제701호 아파트,34.2692,64.96,1426000000,-,유찰,2022-12-06 10:00
서울특별시 강남구 청담동 62-6 외 지상 청담디에브스아파트 제5층 제501호 아파트,23.8185,45.15,970600000,-,유찰,2022-12-06 10:00
서울특별시 강남구 청담동 62-6 외 지상 청담디에브스아파트 제4층 제403호 아파트,35.8096,67.88,1437500000,-,유찰,2022-12-06 10:00
서울특별시 강남구 청담동 62-6 외 지상 청담디에브스아파트 제4층 제402호 아파트,38.2626,72.53,1529500000,-,유찰,2022-12-06 10:00
서울특별시 강남구 청담동 62-6 외 지상 청담디에브스아파트 제4층 제401호 아파트,33.6678,63.82,1345500000,-,유찰,2022-12-06 10:00
서울특별시 강남구 청담동 62-6 외 지상 청담디에브스아파트 제2층 제203호 아파트,41.5176,78.7,1633000000,-,유찰,2022-12-06 10:00
서울특별시 강남구 청담동 62-6 외 지상 청담디에브스아파트 제2층 제202호 아파트,43.5486,82.55,1713500000,-,유찰,2022-12-06 10:00
서울특별시 강남구 청담동 62-6 외 지상 청담디에브스아파트 제1층 제102호 아파트,30.0119,56.89,1150000000,-,유찰,2022-12-06 10:00
서울특별시 강남구 청담동 62-6 디에브스청담 제6층 제602호 아파트,26.2822,49.82,680100000,-,유찰,2022-10-28 10:00
서울특별시 강남구 청담동 62-6 디에브스청담 제6층 제602호 아파트,26.2822,49.82,754800000,-,유찰,2022-10-26 10:00
서울특별시 강남구 청담동 62-6 디에브스청담 제6층 제602호 아파트,26.2822,49.82,837800000,-,유찰,2022-10-21 10:00
서울특별시 강남구 청담동 62-6 디에브스청담 제6층 제602호 아파트,26.2822,49.82,929800000,-,유찰,2022-10-19 10:00
서울특별시 강남구 청담동 62-6 디에브스청담 제6층 제602호 아파트,26.2822,49.82,1032000000,-,유찰,2022-10-14 10:00
서울특별시 강남구 청담동 62-6 디에브스청담 제6층 제602호 아파트,26.2822,49.82,1145300000,-,유찰,2022-10-12 10:00
"서울특별시 강남구 청담동 62-6 제202호 ,제203호 ,제403호 아파트",120.87,229.13,2941500000,-,유찰,2022-09-19 10:00
"서울특별시 강남구 청담동 62-6 제401호 ,제402호 ,제701호 아파트",106.19,201.31,2644500000,-,유찰,2022-09-19 10:00
"서울특별시 강남구 청담동 62-6 제102호 ,제501호 아파트",53.83,102.04,1303900000,-,유찰,2022-09-19 10:00
"서울특별시 강남구 청담동 62-6 제202호 ,제203호 ,제403호 아파트",120.87,229.13,3211200000,-,유찰,2022-09-15 10:00
"서울특별시 강남구 청담동 62-6 제401호 ,제402호 ,제701호 아파트",106.19,201.31,2887000000,-,유찰,2022-09-15 10:00
"서울특별시 강남구 청담동 62-6 제102호 ,제501호 아파트",53.83,102.04,1423500000,-,유찰,2022-09-15 10:00
서울특별시 강남구 삼성동 75-3 101동 706호 삼성동우림루미아트,60.24,127.82,1965240000,-,유찰,2022-09-15 09:00
서울특별시 강남구 삼성동 75-3 101동 706호 삼성동우림루미아트,60.24,127.82,2184630000,-,유찰,2022-09-14 09:00
"서울특별시 강남구 청담동 62-6 제202호 ,제203호 ,제403호 아파트",120.87,229.13,3564000000,-,유찰,2022-09-13 10:00
"서울특별시 강남구 청담동 62-6 제401호 ,제402호 ,제701호 아파트",106.19,201.31,3204200000,-,유찰,2022-09-13 10:00
"서울특별시 강남구 청담동 62-6 제102호 ,제501호 아파트",53.83,102.04,1579900000,-,유찰,2022-09-13 10:00
서울특별시 강남구 삼성동 75-3 101동 706호 삼성동우림루미아트,60.24,127.82,2299990000,-,유찰,2022-09-13 09:00
서울특별시 강남구 삼성동 75-3 101동 706호 삼성동우림루미아트,60.24,127.82,2421530000,-,유찰,2022-09-08 09:00
"서울특별시 강남구 청담동 62-6 제202호 ,제203호 ,제403호 아파트",120.87,229.13,3955600000,-,유찰,2022-09-07 10:00
"서울특별시 강남구 청담동 62-6 제401호 ,제402호 ,제701호 아파트",106.19,201.31,3556300000,-,유찰,2022-09-07 10:00
"서울특별시 강남구 청담동 62-6 제102호 ,제501호 아파트",53.83,102.04,1753400000,-,유찰,2022-09-07 10:00
서울특별시 강남구 삼성동 75-3 101동 706호 삼성동우림루미아트,60.24,127.82,2691690000,-,유찰,2022-09-07 09:00
서울특별시 강남구 삼성동 75-3 101동 706호 삼성동우림루미아트,60.24,127.82,2991120000,-,유찰,2022-09-06 09:00
"서울특별시 강남구 청담동 62-6 제202호 ,제203호 ,제403호 아파트",120.87,229.13,4390300000,-,유찰,2022-09-05 10:00
"서울특별시 강남구 청담동 62-6 제401호 ,제402호 ,제701호 아파트",106.19,201.31,3947000000,-,유찰,2022-09-05 10:00
"서울특별시 강남구 청담동 62-6 제102호 ,제501호 아파트",53.83,102.04,1946100000,-,유찰,2022-09-05 10:00
"서울특별시 강남구 청담동 62-6 제202호 ,제203호 ,제403호 아파트",120.87,229.13,4872700000,-,유찰,2022-09-01 10:00
"서울특별시 강남구 청담동 62-6 제401호 ,제402호 ,제701호 아파트",106.19,201.31,4380700000,-,유찰,2022-09-01 10:00
"서울특별시 강남구 청담동 62-6 제102호 ,제501호 아파트",53.83,102.04,2159900000,-,유찰,2022-09-01 10:00
"서울특별시 강남구 청담동 62-6 제202호 ,제203호 ,제403호 아파트",120.87,229.13,5408000000,-,유찰,2022-08-30 10:00
"서울특별시 강남구 청담동 62-6 제401호 ,제402호 ,제701호 아파트",106.19,201.31,4862000000,-,유찰,2022-08-30 10:00
"서울특별시 강남구 청담동 62-6 제102호 ,제501호 아파트",53.83,102.04,2397200000,-,유찰,2022-08-30 10:00
서울특별시 종로구 평창동 66-1 제3층 제303호 아파트,122.62,213.07,943307770,-,"유찰
 (수의계약완료)",2022-08-01 10:00
서울특별시 종로구 평창동 66-1 제2층 제204호 아파트,135.86,236.07,1060756230,-,"유찰
 (수의계약완료)",2022-08-01 10:00
서울특별시 종로구 평창동 66-1 제3층 제303호 아파트,122.62,213.07,1048119750,-,유찰,2022-07-27 10:00
서울특별시 종로구 평창동 66-1 제2층 제204호 아파트,135.86,236.07,1178618040,-,유찰,2022-07-27 10:00
서울특별시 종로구 평창동 66-1 제3층 제303호 아파트,122.62,213.07,1164577500,-,유찰,2022-07-25 10:00
서울특별시 종로구 평창동 66-1 제2층 제204호 아파트,135.86,236.07,1309575000,-,유찰,2022-07-25 10:00
서울특별시 종로구 평창동 66-1 제3층 제303호 아파트,122.62,213.07,1293975000,-,유찰,2022-07-20 10:00
서울특별시 종로구 평창동 66-1 제2층 제204호 아파트,135.86,236.07,1455084000,-,유찰,2022-07-20 10:00
서울특별시 종로구 평창동 66-1 제3층 제303호 아파트,122.62,213.07,1437750000,-,유찰,2022-07-18 10:00
서울특별시 종로구 평창동 66-1 제2층 제204호 아파트,135.86,236.07,1616760000,-,유찰,2022-07-18 10:00
서울특별시 광진구 자양동 227-7 D동 4501호 아파트,0.0,243.94,4800000000,-,유찰,2022-07-15 10:00
서울특별시 종로구 평창동 66-1 제3층 제303호 아파트,122.62,213.07,1597500000,-,유찰,2022-07-13 10:00
서울특별시 종로구 평창동 66-1 제2층 제204호 아파트,135.86,236.07,1796400000,-,유찰,2022-07-13 10:00
서울특별시 서초구 반포동 1062 외 3필지 에이아이디차관주택 제16동 제1층 제105호 외 1건,0.0,52.828,5500000000,-,유찰,2022-07-11 10:00
서울특별시 종로구 평창동 66-1 제3층 제303호 아파트,122.62,213.07,1775000000,-,유찰,2022-07-11 10:00
서울특별시 종로구 평창동 66-1 제2층 제204호 아파트,135.86,236.07,1966000000,-,유찰,2022-07-11 10:00
서울특별시 관악구 신림동 1743 앰팰리스아파트 201호,0.0,72.687,600000000,620000000,낙찰,2023-10-16 09:00
서울특별시 양천구 신정동 1279 목동현대아파트 103동 1207호 아파트,39.17,101.91,974500000,1051000000,"낙찰
 (낙찰후취소)",2023-09-26 09:00
서울특별시 관악구 신림동 1743 앰팰리스아파트 제2층 제202호,0.0,72.687,600000000,605990000,낙찰,2023-09-15 09:00
서울특별시 용산구 이태원동 22-2 제6동 제1105호 아파트,96.14,174.38,2367400000,2380001988,낙찰,2023-08-25 09:30
서울특별시 도봉구 도봉동 87 제4동 제1314호 아파트,40.55,73.89,553837500,553837500,낙찰,2023-05-18 14:00
서울특별시 양천구 신정동 1279 목동현대아파트 103동 1207호 아파트,39.17,101.91,1115400000,1300000000,낙찰,2023-05-17 09:00
서울특별시 종로구 평창동 39-1 일원 토지 및 미준공건물(공동주택),1362.0,3434.0492,10500000000,10500000000,낙찰,2023-04-18 10:00
서울특별시 노원구 중계동 514 102동 301호 아파트,55.8428,84.7513,721300000,800499000,낙찰,2023-03-10 10:00
서울특별시 강동구 암사동 509 선사현대아파트 103동 1010호 아파트,18.246,58.68,762000000,763000000,낙찰,2023-01-19 09:30
서울특별시 서초구 서초동 1757 103동 1304호 아파트,37.71,84.51,3085000000,-,유찰,2023-12-28 10:00
서울특별시 양천구 목동 925 704동 806호 아파트,93.19,101.2,2284200000,-,유찰,2023-12-28 10:00
서울특별시 양천구 목동 925 704동 806호 아파트,93.19,101.2,2537900000,-,유찰,2023-12-26 10:00
서울특별시 서초구 서초동 1757 103동 1304호 아파트,37.71,84.51,3085000000,-,유찰,2023-12-22 10:00
서울특별시 양천구 목동 925 704동 806호 아파트,93.19,101.2,2819800000,-,유찰,2023-12-21 10:00
서울특별시 양천구 목동 925 704동 806호 아파트,93.19,101.2,3133000000,-,유찰,2023-12-19 10:00
서울특별시 서초구 서초동 1757 103동 1304호 아파트,37.71,84.51,3085000000,-,유찰,2023-12-14 10:00
서울특별시 서초구 서초동 1757 103동 1304호 아파트,37.71,84.51,3085000000,-,유찰,2023-12-05 10:00
서울특별시 서초구 서초동 1757 103동 1304호 아파트,37.71,84.51,3085000000,-,유찰,2023-11-27 10:00
서울특별시 서초구 서초동 1757 103동 1304호 아파트,37.71,84.51,3085000000,-,유찰,2023-11-17 10:00
서울특별시 강서구 방화동 904 104동 1203호 아파트,0.0,84.9184,714490000,853504000,낙찰,2024-12-10 12:00
서울특별시 강서구 방화동 904 102동 1402호 아파트,0.0,59.7592,636840000,665030000,낙찰,2024-12-05 12:00
서울특별시 강서구 방화동 904 102동 1501호 아파트,0.0,59.7592,636840000,653370000,낙찰,2024-12-05 12:00
서울특별시 강서구 방화동 904 102동 1503호 아파트,0.0,72.9272,763130000,778500000,낙찰,2024-12-05 12:00
서울특별시 용산구 한남동 258 외1필지 1001호 아파트,0.0,217.42,2030800000,2040000000,낙찰,2024-11-15 09:00
서울특별시 양천구 신월동 981-2 804호 아파트,0.0,58.9,363151350,413870000,"낙찰
 (낙찰후취소)",2024-10-28 13:00
서울특별시 양천구 신월동 981-2 604호 아파트,0.0,58.9,356065470,362300000,"낙찰
 (낙찰후취소)",2024-10-28 13:00
서울특별시 양천구 신월동 981-2 1205호 아파트,0.0,64.64,434338200,434338300,낙찰,2024-10-21 13:00
서울특별시 양천구 신월동 981-2 1005호 아파트,0.0,64.64,434338200,460010000,낙찰,2024-10-21 13:00
서울특별시 강남구 청담동 115-6외 4필지 효성빌라 청담 101 2차 제2층 제205호,0.0,216.35,8832400000,-,유찰,2024-12-31 09:30
서울특별시 강남구 청담동 115-6외 4필지 효성빌라 청담 101 2차 제2층 제205호,0.0,216.35,9446400000,-,유찰,2024-12-31 09:00
서울특별시 강남구 청담동 115-6외 4필지 효성빌라 청담 101 2차 제2층 제205호,0.0,216.35,10103100000,-,유찰,2024-12-30 09:30
서울특별시 강남구 청담동 115-6외 4필지 효성빌라 청담 101 2차 제2층 제205호,0.0,216.35,10805500000,-,유찰,2024-12-30 09:00
서울특별시 강남구 청담동 115-6외 4필지 효성빌라 청담 101 2차 제2층 제205호,0.0,216.35,11556600000,-,유찰,2024-12-27 09:30
서울특별시 강남구 청담동 115-6외 4필지 효성빌라 청담 101 2차 제2층 제205호,0.0,216.35,12360000000,-,유찰,2024-12-27 09:00
서울특별시 광진구 구의동 231-18 현대팰리스 제6층 제602호 아파트 외 1건,0.0,51.16,1310000000,-,"유찰
 (수의계약가능)",2024-12-26 09:30
서울특별시 광진구 구의동 231-18 현대팰리스 제6층 제602호 아파트 외 1건,0.0,51.16,1325700000,-,유찰,2024-12-26 09:00
서울특별시 광진구 구의동 231-18 현대팰리스 제6층 제602호 아파트 외 1건,0.0,51.16,1471400000,-,유찰,2024-12-24 09:30
서울특별시 광진구 구의동 231-18 현대팰리스 제6층 제602호 아파트 외 1건,0.0,51.16,1633000000,-,유찰,2024-12-24 09:00
서울특별시 서대문구 홍제동 322-138 1층 101호 아파트,55.22,84.067,584249255,-,"유찰
 (수의계약가능)",2024-12-18 10:00
서울특별시 서대문구 홍제동 322-138 제에이202호 아파트,55.347,84.258,617711412,-,유찰,2024-12-18 10:00
서울특별시 서대문구 홍제동 322-138 제에이302호 아파트,55.347,84.258,617711412,-,유찰,2024-12-18 10:00
서울특별시 서대문구 홍제동 322-138 에이402호 아파트,55.347,84.258,631096274,-,유찰,2024-12-18 10:00
서울특별시 서대문구 홍제동 322-138 제에이502호 아파트,55.347,84.258,631096274,-,유찰,2024-12-18 10:00
서울특별시 서대문구 홍제동 322-138 제에이 601호 아파트,55.22,84.067,629757788,-,유찰,2024-12-18 10:00
서울특별시 서대문구 홍제동 322-138 에이602호 아파트,55.347,84.258,631096274,-,유찰,2024-12-18 10:00
서울특별시 서대문구 홍제동 322-138 비101호 아파트,55.36,84.278,585587741,-,유찰,2024-12-18 10:00
서울특별시 서대문구 홍제동 322-138 비102호 아파트,48.564,73.922,518663428,-,유찰,2024-12-18 10:00
서울특별시 서대문구 홍제동 322-138 비201호 아파트,55.36,84.278,617711412,-,유찰,2024-12-18 10:00
서울특별시 서대문구 홍제동 322-138 비202호 아파트,52.82,80.41,588933957,-,유찰,2024-12-18 10:00
서울특별시 서대문구 홍제동 322-138 비301호 아파트,55.36,84.278,617711412,-,유찰,2024-12-18 10:00
서울특별시 서대문구 홍제동 322-138 비302호 아파트,52.82,80.41,588933957,-,유찰,2024-12-18 10:00
서울특별시 서대문구 홍제동 322-138 비401호 아파트,55.36,84.278,631096274,-,유찰,2024-12-18 10:00
서울특별시 서대문구 홍제동 322-138 비402호 아파트,52.82,80.41,602318820,-,유찰,2024-12-18 10:00
서울특별시 서대문구 홍제동 322-138 비501호 아파트,55.36,84.278,631096274,-,유찰,2024-12-18 10:00
서울특별시 서대문구 홍제동 322-138 비502호 아파트,52.82,80.41,602318820,-,유찰,2024-12-18 10:00
서울특별시 서대문구 홍제동 322-138 비601호 아파트,55.694,84.785,635111733,-,유찰,2024-12-18 10:00
서울특별시 서대문구 홍제동 322-138 비602호 아파트,53.173,80.948,606334278,-,유찰,2024-12-18 10:00
서울특별시 서대문구 홍제동 322-138 비702호 아파트,53.173,80.948,612357467,-,유찰,2024-12-18 10:00
서울특별시 서대문구 홍제동 322-138 비302호 아파트,52.82,80.41,633262319,-,유찰,2024-12-17 08:30
서울특별시 서대문구 홍제동 322-138 비501호 아파트,55.36,84.278,678598144,-,유찰,2024-12-17 08:30
서울특별시 서대문구 홍제동 322-138 1층 101호 아파트,55.22,84.067,628225005,-,유찰,2024-12-13 10:00
서울특별시 서대문구 홍제동 322-138 제에이202호 아파트,55.347,84.258,664205819,-,유찰,2024-12-13 10:00
서울특별시 서대문구 홍제동 322-138 제에이302호 아파트,55.347,84.258,664205819,-,유찰,2024-12-13 10:00
서울특별시 서대문구 홍제동 322-138 에이402호 아파트,55.347,84.258,678598144,-,유찰,2024-12-13 10:00
서울특별시 서대문구 홍제동 322-138 제에이502호 아파트,55.347,84.258,678598144,-,유찰,2024-12-13 10:00
서울특별시 서대문구 홍제동 322-138 제이이601호 아파트,55.22,84.067,677158912,-,유찰,2024-12-13 10:00
서울특별시 서대문구 홍제동 322-138 에이602호 아파트,55.347,84.258,678598144,-,유찰,2024-12-13 10:00
서울특별시 서대문구 홍제동 322-138 비101호 아파트,55.36,84.278,629664238,-,유찰,2024-12-13 10:00
서울특별시 서대문구 홍제동 322-138 비102호 아파트,48.564,73.922,557702611,-,유찰,2024-12-13 10:00
서울특별시 서대문구 홍제동 322-138 비201호 아파트,55.36,84.278,664205819,-,유찰,2024-12-13 10:00
서울특별시 서대문구 홍제동 322-138 비202호 아파트,52.82,80.41,633262319,-,유찰,2024-12-13 10:00
서울특별시 서대문구 홍제동 322-138 비301호 아파트,55.36,84.278,664205819,-,유찰,2024-12-13 10:00
서울특별시 서대문구 홍제동 322-138 비401호 아파트,55.36,84.278,678598144,-,유찰,2024-12-13 10:00
서울특별시 서대문구 홍제동 322-138 비402호 아파트,52.82,80.41,647654645,-,유찰,2024-12-13 10:00
서울특별시 서대문구 홍제동 322-138 비502호 아파트,52.82,80.41,647654645,-,유찰,2024-12-13 10:00
서울특별시 서대문구 홍제동 322-138 비601호 아파트,55.694,84.785,682915842,-,유찰,2024-12-13 10:00
서울특별시 서대문구 홍제동 322-138 비602호 아파트,53.173,80.948,651972342,-,유찰,2024-12-13 10:00
서울특별시 서대문구 홍제동 322-138 비702호 아파트,53.173,80.948,658448899,-,유찰,2024-12-13 10:00
서울특별시 서대문구 홍제동 322-138 1층 101호 아파트,55.22,84.067,675510758,-,유찰,2024-12-10 10:00
서울특별시 서대문구 홍제동 322-138 제에이202호 아파트,55.347,84.258,714199805,-,유찰,2024-12-10 10:00
서울특별시 서대문구 홍제동 322-138 제에이302호 아파트,55.347,84.258,714199805,-,유찰,2024-12-10 10:00
서울특별시 서대문구 홍제동 322-138 에이402호 아파트,55.347,84.258,729675424,-,유찰,2024-12-10 10:00
서울특별시 서대문구 홍제동 322-138 제에이502호 아파트,55.347,84.258,729675424,-,유찰,2024-12-10 10:00
서울특별시 서대문구 홍제동 322-138 제이이601호 아파트,55.22,84.067,728127862,-,유찰,2024-12-10 10:00
서울특별시 서대문구 홍제동 322-138 에이602호 아파트,55.347,84.258,729675424,-,유찰,2024-12-10 10:00
서울특별시 서대문구 홍제동 322-138 비101호 아파트,55.36,84.278,677058320,-,유찰,2024-12-10 10:00
서울특별시 서대문구 홍제동 322-138 비102호 아파트,48.564,73.922,599680227,-,유찰,2024-12-10 10:00
서울특별시 서대문구 홍제동 322-138 비201호 아파트,55.36,84.278,714199805,-,유찰,2024-12-10 10:00
서울특별시 서대문구 홍제동 322-138 비202호 아파트,52.82,80.41,680927225,-,유찰,2024-12-10 10:00
서울특별시 서대문구 홍제동 322-138 비301호 아파트,55.36,84.278,714199805,-,유찰,2024-12-10 10:00
서울특별시 서대문구 홍제동 322-138 비302호 아파트,52.82,80.41,680927225,-,유찰,2024-12-10 10:00
서울특별시 서대문구 홍제동 322-138 비401호 아파트,55.36,84.278,729675424,-,유찰,2024-12-10 10:00
서울특별시 서대문구 홍제동 322-138 비402호 아파트,52.82,80.41,696402844,-,유찰,2024-12-10 10:00
서울특별시 서대문구 홍제동 322-138 비501호 아파트,55.36,84.278,729675424,-,유찰,2024-12-10 10:00
서울특별시 서대문구 홍제동 322-138 비502호 아파트,52.82,80.41,696402844,-,유찰,2024-12-10 10:00
서울특별시 서대문구 홍제동 322-138 비601호 아파트,55.694,84.785,734318110,-,유찰,2024-12-10 10:00
서울특별시 서대문구 홍제동 322-138 비602호 아파트,53.173,80.948,701045529,-,유찰,2024-12-10 10:00
서울특별시 서대문구 홍제동 322-138 비702호 아파트,53.173,80.948,708009558,-,유찰,2024-12-10 10:00
서울특별시 서대문구 홍제동 322-138 비202호 아파트,52.82,80.41,716765500,-,유찰,2024-12-06 10:00
서울특별시 강서구 방화동 904 104동 502호 아파트,0.0,84.9184,872010000,-,유찰,2024-12-05 12:00
서울특별시 강서구 방화동 904 104동 502호 아파트,0.0,84.9184,784820000,-,유찰,2024-12-05 12:00
서울특별시 강서구 방화동 904 104동 1203호 아파트,0.0,84.9184,882070000,-,유찰,2024-12-05 12:00
서울특별시 강서구 방화동 904 104동 1203호 아파트,0.0,84.9184,793870000,-,유찰,2024-12-05 12:00
서울특별시 서대문구 홍제동 322-138 1층 101호 아파트,55.22,84.067,711063956,-,유찰,2024-12-05 10:00
서울특별시 서대문구 홍제동 322-138 제에이202호 아파트,55.347,84.258,751789269,-,유찰,2024-12-05 10:00
서울특별시 서대문구 홍제동 322-138 제에이302호 아파트,55.347,84.258,751789269,-,유찰,2024-12-05 10:00
서울특별시 서대문구 홍제동 322-138 에이402호 아파트,55.347,84.258,768079394,-,유찰,2024-12-05 10:00
서울특별시 서대문구 홍제동 322-138 제에이502호 아파트,55.347,84.258,768079394,-,유찰,2024-12-05 10:00
서울특별시 서대문구 홍제동 322-138 제이이601호 아파트,55.22,84.067,766450381,-,유찰,2024-12-05 10:00
서울특별시 서대문구 홍제동 322-138 에이602호 아파트,55.347,84.258,768079394,-,유찰,2024-12-05 10:00
서울특별시 서대문구 홍제동 322-138 비101호 아파트,55.36,84.278,712692969,-,유찰,2024-12-05 10:00
서울특별시 서대문구 홍제동 322-138 비102호 아파트,48.564,73.922,631242344,-,유찰,2024-12-05 10:00
서울특별시 서대문구 홍제동 322-138 비201호 아파트,55.36,84.278,751789269,-,유찰,2024-12-05 10:00
서울특별시 서대문구 홍제동 322-138 비301호 아파트,55.36,84.278,751789269,-,유찰,2024-12-05 10:00
서울특별시 서대문구 홍제동 322-138 비302호 아파트,52.82,80.41,716765500,-,유찰,2024-12-05 10:00
서울특별시 서대문구 홍제동 322-138 비401호 아파트,55.36,84.278,768079394,-,유찰,2024-12-05 10:00
서울특별시 서대문구 홍제동 322-138 비402호 아파트,52.82,80.41,733055625,-,유찰,2024-12-05 10:00
서울특별시 서대문구 홍제동 322-138 비501호 아파트,55.36,84.278,768079394,-,유찰,2024-12-05 10:00
서울특별시 서대문구 홍제동 322-138 비502호 아파트,52.82,80.41,733055625,-,유찰,2024-12-05 10:00
서울특별시 서대문구 홍제동 322-138 비601호 아파트,55.694,84.785,772966431,-,유찰,2024-12-05 10:00
서울특별시 서대문구 홍제동 322-138 비602호 아파트,53.173,80.948,737942663,-,유찰,2024-12-05 10:00
서울특별시 서대문구 홍제동 322-138 비702호 아파트,53.173,80.948,745273219,-,유찰,2024-12-05 10:00
서울특별시 송파구 가락동 123-12 강남팰리스 1001호 아파트 외 3건,24.5,51.51,2950000000,-,유찰,2024-12-05 10:00
서울특별시 서대문구 홍제동 322-138 에이602호 아파트,55.347,84.258,808504625,-,유찰,2024-12-04 10:00
서울특별시 송파구 가락동 123-12 강남팰리스 1001호 아파트 외 3건,24.5,51.51,3070000000,-,유찰,2024-12-03 10:00
서울특별시 강서구 방화동 904 102동 1402호 아파트,0.0,59.7592,707590000,-,유찰,2024-12-02 15:00
서울특별시 강서구 방화동 904 102동 1501호 아파트,0.0,59.7592,707590000,-,유찰,2024-12-02 15:00
서울특별시 강서구 방화동 904 102동 1503호 아파트,0.0,72.9272,847920000,-,유찰,2024-12-02 15:00
서울특별시 광진구 구의동 231-18 현대팰리스 제1층 제103호 아파트,0.0,78.59,772000000,-,유찰,2025-10-01 09:00
서울특별시 광진구 구의동 231-18 현대팰리스 제6층 제601호 아파트,0.0,67.66,725300000,-,유찰,2025-10-01 09:00
서울특별시 광진구 구의동 231-18 현대팰리스 제6층 제603호 아파트,0.0,47.0,567900000,-,유찰,2025-10-01 09:00
서울특별시 광진구 구의동 231-18 현대팰리스 제5층 제503호 아파트,0.0,59.75,607900000,-,유찰,2025-10-01 09:00
서울특별시 광진구 구의동 231-18 현대팰리스 제7층 제702호 아파트,0.0,38.29,494400000,-,유찰,2025-10-01 09:00
서울특별시 은평구 대조동 9-21 모아아파트 제101동 1301호 아파트,12.22,51.12,488200000,-,유찰,2025-09-30 09:00
서울특별시 광진구 구의동 231-18 현대팰리스 제1층 제103호 아파트,0.0,78.59,856800000,-,유찰,2025-09-26 09:00
서울특별시 광진구 구의동 231-18 현대팰리스 제6층 제601호 아파트,0.0,67.66,805000000,-,유찰,2025-09-26 09:00
서울특별시 광진구 구의동 231-18 현대팰리스 제6층 제603호 아파트,0.0,47.0,610600000,-,유찰,2025-09-26 09:00
서울특별시 광진구 구의동 231-18 현대팰리스 제5층 제503호 아파트,0.0,59.75,653700000,-,유찰,2025-09-26 09:00
서울특별시 광진구 구의동 231-18 현대팰리스 제7층 제702호 아파트,0.0,38.29,548700000,-,유찰,2025-09-26 09:00
서울특별시 광진구 구의동 231-18 현대팰리스 제1층 제103호 아파트,0.0,78.59,951000000,-,유찰,2025-09-24 09:00
서울특별시 광진구 구의동 231-18 현대팰리스 제6층 제601호 아파트,0.0,67.66,893500000,-,유찰,2025-09-24 09:00
서울특별시 광진구 구의동 231-18 현대팰리스 제6층 제603호 아파트,0.0,47.0,677700000,-,유찰,2025-09-24 09:00
서울특별시 광진구 구의동 231-18 현대팰리스 제5층 제503호 아파트,0.0,59.75,702900000,-,유찰,2025-09-24 09:00
서울특별시 광진구 구의동 231-18 현대팰리스 제7층 제702호 아파트,0.0,38.29,609000000,-,유찰,2025-09-24 09:00
서울특별시 은평구 대조동 9-21 모아아파트 제101동 1301호 아파트,12.22,51.12,535300000,-,유찰,2025-09-23 09:00
서울특별시 강남구 삼성동 90 아파트 1003호 아파트,0.0,40.07,1688900000,-,"유찰
 (수의계약가능)",2025-09-19 10:00
서울특별시 광진구 구의동 231-18 현대팰리스 제1층 제103호 아파트,0.0,78.59,1055400000,-,유찰,2025-09-19 09:00
서울특별시 광진구 구의동 231-18 현대팰리스 제6층 제601호 아파트,0.0,67.66,991600000,-,유찰,2025-09-19 09:00
서울특별시 광진구 구의동 231-18 현대팰리스 제6층 제603호 아파트,0.0,47.0,752100000,-,유찰,2025-09-19 09:00
서울특별시 광진구 구의동 231-18 현대팰리스 제5층 제503호 아파트,0.0,59.75,780100000,-,유찰,2025-09-19 09:00
서울특별시 광진구 구의동 231-18 현대팰리스 제7층 제702호 아파트,0.0,38.29,675900000,-,유찰,2025-09-19 09:00
서울특별시 강남구 삼성동 90 아파트 1003호 아파트,0.0,40.07,1876500000,-,유찰,2025-09-17 10:00
서울특별시 광진구 구의동 231-18 현대팰리스 제1층 제103호 아파트,0.0,78.59,1171400000,-,유찰,2025-09-17 09:00
서울특별시 광진구 구의동 231-18 현대팰리스 제6층 제601호 아파트,0.0,67.66,1100600000,-,유찰,2025-09-17 09:00
서울특별시 광진구 구의동 231-18 현대팰리스 제6층 제603호 아파트,0.0,47.0,834800000,-,유찰,2025-09-17 09:00
서울특별시 광진구 구의동 231-18 현대팰리스 제5층 제503호 아파트,0.0,59.75,865800000,-,유찰,2025-09-17 09:00
서울특별시 광진구 구의동 231-18 현대팰리스 제7층 제702호 아파트,0.0,38.29,750200000,-,유찰,2025-09-17 09:00
서울특별시 은평구 대조동 9-21 모아아파트 제101동 1301호 아파트,12.22,51.12,586900000,-,유찰,2025-09-16 09:00
서울특별시 강남구 삼성동 90 아파트 1003호 아파트,0.0,40.07,2085000000,-,유찰,2025-09-12 10:00
서울특별시 광진구 구의동 231-18 현대팰리스 제1층 제103호 아파트,0.0,78.59,1287200000,-,유찰,2025-09-12 09:00
서울특별시 광진구 구의동 231-18 현대팰리스 제6층 제601호 아파트,0.0,67.66,1209400000,-,유찰,2025-09-12 09:00
서울특별시 광진구 구의동 231-18 현대팰리스 제6층 제603호 아파트,0.0,47.0,917300000,-,유찰,2025-09-12 09:00
서울특별시 광진구 구의동 231-18 현대팰리스 제5층 제503호 아파트,0.0,59.75,961000000,-,유찰,2025-09-12 09:00
서울특별시 광진구 구의동 231-18 현대팰리스 제7층 제702호 아파트,0.0,38.29,832600000,-,유찰,2025-09-12 09:00
서울특별시 강남구 삼성동 90 아파트 1003호 아파트,0.0,40.07,2316600000,-,유찰,2025-09-10 10:00
서울특별시 광진구 구의동 231-18 현대팰리스 제1층 제103호 아파트,0.0,78.59,1414500000,-,유찰,2025-09-10 09:00
서울특별시 광진구 구의동 231-18 현대팰리스 제6층 제601호 아파트,0.0,67.66,1329000000,-,유찰,2025-09-10 09:00
서울특별시 광진구 구의동 231-18 현대팰리스 제6층 제603호 아파트,0.0,47.0,1008000000,-,유찰,2025-09-10 09:00
서울특별시 광진구 구의동 231-18 현대팰리스 제5층 제503호 아파트,0.0,59.75,1066500000,-,유찰,2025-09-10 09:00
서울특별시 광진구 구의동 231-18 현대팰리스 제7층 제702호 아파트,0.0,38.29,924000000,-,유찰,2025-09-10 09:00
서울특별시 은평구 대조동 15-49 1202호 아파트,12.14,48.08,511446000,-,"유찰
 (수의계약가능)",2025-09-10 09:00
서울특별시 은평구 대조동 15-49 1201호 아파트,12.14,48.08,511446000,-,"유찰
 (수의계약가능)",2025-09-10 09:00
서울특별시 은평구 대조동 15-49 1102호 아파트,12.14,48.08,511446000,-,"유찰
 (수의계약가능)",2025-09-10 09:00
서울특별시 은평구 대조동 15-49 1101호 아파트,12.14,48.08,511446000,-,"유찰
 (수의계약가능)",2025-09-10 09:00
서울특별시 은평구 대조동 15-49 1002호 아파트,12.14,48.08,511446000,-,"유찰
 (수의계약가능)",2025-09-10 09:00
서울특별시 은평구 대조동 15-49 1202호 아파트,12.14,48.08,568273000,-,유찰,2025-09-09 09:00
서울특별시 은평구 대조동 15-49 1201호 아파트,12.14,48.08,568273000,-,유찰,2025-09-09 09:00
서울특별시 은평구 대조동 15-49 1102호 아파트,12.14,48.08,568273000,-,유찰,2025-09-09 09:00
서울특별시 은평구 대조동 15-49 1101호 아파트,12.14,48.08,568273000,-,유찰,2025-09-09 09:00
서울특별시 은평구 대조동 15-49 1002호 아파트,12.14,48.08,568273000,-,유찰,2025-09-09 09:00
서울특별시 은평구 대조동 9-21 모아아파트 제101동 1301호 아파트,12.22,51.12,643500000,-,유찰,2025-09-09 09:00
서울특별시 은평구 대조동 15-49 1202호 아파트,12.14,48.08,631413000,-,유찰,2025-09-08 09:00
서울특별시 은평구 대조동 15-49 1201호 아파트,12.14,48.08,631413000,-,유찰,2025-09-08 09:00
서울특별시 은평구 대조동 15-49 1102호 아파트,12.14,48.08,631413000,-,유찰,2025-09-08 09:00
서울특별시 은평구 대조동 15-49 1101호 아파트,12.14,48.08,631413000,-,유찰,2025-09-08 09:00
서울특별시 은평구 대조동 15-49 1002호 아파트,12.14,48.08,631413000,-,유찰,2025-09-08 09:00
서울특별시 강남구 삼성동 90 아파트 1003호 아파트,0.0,40.07,2574000000,-,유찰,2025-09-05 10:00
서울특별시 은평구 대조동 15-49 1202호 아파트,12.14,48.08,701569000,-,유찰,2025-09-05 09:00
서울특별시 은평구 대조동 15-49 1201호 아파트,12.14,48.08,701569000,-,유찰,2025-09-05 09:00
서울특별시 은평구 대조동 15-49 1102호 아파트,12.14,48.08,701569000,-,유찰,2025-09-05 09:00
서울특별시 은평구 대조동 15-49 1101호 아파트,12.14,48.08,701569000,-,유찰,2025-09-05 09:00
서울특별시 은평구 대조동 15-49 1002호 아파트,12.14,48.08,701569000,-,유찰,2025-09-05 09:00
서울특별시 은평구 대조동 15-49 1202호 아파트,12.14,48.08,779520000,-,유찰,2025-09-04 09:00
서울특별시 은평구 대조동 15-49 1201호 아파트,12.14,48.08,779520000,-,유찰,2025-09-04 09:00
서울특별시 은평구 대조동 15-49 1102호 아파트,12.14,48.08,779520000,-,유찰,2025-09-04 09:00
서울특별시 은평구 대조동 15-49 1101호 아파트,12.14,48.08,779520000,-,유찰,2025-09-04 09:00
서울특별시 은평구 대조동 15-49 1002호 아파트,12.14,48.08,779520000,-,유찰,2025-09-04 09:00
서울특별시 강남구 삼성동 90 아파트 1003호 아파트,0.0,40.07,2860000000,-,유찰,2025-09-03 10:00
서울특별시 구로구 고척동 339 고척파크푸르지오 104동 802호 아파트,67.837,84.94,916000000,-,유찰,2025-09-03 09:00
서울특별시 금천구 시흥동 113-12 206호 외 아파트,0.0,18.07,4044100000,-,"유찰
 (수의계약가능)",2025-09-03 09:00
서울특별시 은평구 대조동 15-49 1202호 아파트,12.14,48.08,866132000,-,유찰,2025-09-03 09:00
서울특별시 은평구 대조동 15-49 1201호 아파트,12.14,48.08,866132000,-,유찰,2025-09-03 09:00
서울특별시 은평구 대조동 15-49 1102호 아파트,12.14,48.08,866132000,-,유찰,2025-09-03 09:00
서울특별시 은평구 대조동 15-49 1101호 아파트,12.14,48.08,866132000,-,유찰,2025-09-03 09:00
서울특별시 은평구 대조동 15-49 1002호 아파트,12.14,48.08,866132000,-,유찰,2025-09-03 09:00
서울특별시 은평구 대조동 15-49 1202호 아파트,12.14,48.08,962368000,-,유찰,2025-09-02 09:00
서울특별시 은평구 대조동 15-49 1201호 아파트,12.14,48.08,962368000,-,유찰,2025-09-02 09:00
서울특별시 은평구 대조동 15-49 1102호 아파트,12.14,48.08,962368000,-,유찰,2025-09-02 09:00
서울특별시 은평구 대조동 15-49 1101호 아파트,12.14,48.08,962368000,-,유찰,2025-09-02 09:00
서울특별시 은평구 대조동 15-49 1002호 아파트,12.14,48.08,962368000,-,유찰,2025-09-02 09:00
서울특별시 금천구 시흥동 113-12 206호 외 아파트,0.0,18.07,4256900000,-,유찰,2025-09-01 09:00
서울특별시 구로구 고척동 339 고척파크푸르지오 104동 802호 아파트,67.837,84.94,1017000000,-,유찰,2025-08-27 09:00
서울특별시 금천구 시흥동 113-12 206호 외 아파트,0.0,18.07,4481000000,-,유찰,2025-08-27 09:00
서울특별시 서대문구 홍제동 322-138 아파트 19개 호실(일괄매각),1037.3,1579.13,9490000000,-,"유찰
 (수의계약가능)",2025-08-25 10:00
서울특별시 강서구 화곡동 1175 화곡더리브스카이 제201호 아파트,0.0,55.85,365000000,-,유찰,2025-08-25 09:00
서울특별시 강서구 화곡동 1175 화곡더리브스카이 제202호 아파트,0.0,55.85,361000000,-,유찰,2025-08-25 09:00
서울특별시 강서구 화곡동 1175 화곡더리브스카이 제203호 아파트,0.0,55.85,361000000,-,유찰,2025-08-25 09:00
서울특별시 강서구 화곡동 1175 화곡더리브스카이 제204호 아파트,0.0,55.85,365000000,-,유찰,2025-08-25 09:00
서울특별시 강서구 화곡동 1175 화곡더리브스카이 제209호 아파트,0.0,30.26,189000000,-,유찰,2025-08-25 09:00
서울특별시 강서구 화곡동 1175 화곡더리브스카이 제210호 아파트,0.0,50.51,317000000,-,유찰,2025-08-25 09:00
서울특별시 강서구 화곡동 1175 화곡더리브스카이 제211호 아파트,0.0,50.51,317000000,-,유찰,2025-08-25 09:00
서울특별시 강서구 화곡동 1175 화곡더리브스카이 제301호 아파트,0.0,55.85,365000000,-,유찰,2025-08-25 09:00
서울특별시 강서구 화곡동 1175 화곡더리브스카이 제302호 아파트,0.0,55.85,361000000,-,유찰,2025-08-25 09:00
서울특별시 강서구 화곡동 1175 화곡더리브스카이 제303호 아파트,0.0,55.85,361000000,-,유찰,2025-08-25 09:00
서울특별시 강서구 화곡동 1175 화곡더리브스카이 제304호 아파트,0.0,55.85,365000000,-,유찰,2025-08-25 09:00
서울특별시 강서구 화곡동 1175 화곡더리브스카이 제305호 아파트,0.0,59.03,375000000,-,유찰,2025-08-25 09:00
서울특별시 강서구 화곡동 1175 화곡더리브스카이 제306호 아파트,0.0,59.03,375000000,-,유찰,2025-08-25 09:00
서울특별시 강서구 화곡동 1175 화곡더리브스카이 제307호 아파트,0.0,59.03,375000000,-,유찰,2025-08-25 09:00
